Código de infração;Infração;Responsável;Valor da multa;Órgão Autuador;Artigos do CTB;Pontos;Gravidade
54870;Estacionar ao lado de outro veículo em fila dupla ;Condutor ;195.23;Municipal/Rodoviário ;181 * XI ;5.0;Grave
55173;Estacionar nos túneis ;Condutor ;195.23;Municipal/Rodoviário ;181 * XIV ;5.0;Grave
55330;Estacionar aclive/declive não freado e sem calço segurança, PBT (peso) superior a 3500kg ;Condutor ;195.23;Municipal/Rodoviário ;181 * XVI ;5.0;Grave
55172;Estacionar nas pontes ;Condutor ;195.23;Municipal/Rodoviário ;181 * XIV ;5.0;Grave
56142;Parar na pista de rolamento das Rodovias ;Condutor ;195.23;Municipal/Rodoviário ;182 * V ;5.0;Grave
54527;Estacionar ao lado ou sobre gramado ou jardim público ;Condutor ;195.23;Municipal/Rodoviário ;181 * VIII ;5.0;Grave
76090;Organizar a conduta prevista no caput do art.253-A ;PF ou PJ ;17608.2;Municipal/Rodoviário ;253-A, § 1º ;7.0;Gravíssima60X
54524;Estacionar nas ilhas ou refúgios ;Condutor ;195.23;Municipal/Rodoviário ;181 * VIII ;5.0;Grave
54523;Estacionar sobre ciclovia ou ciclofaixa ;Condutor ;195.23;Municipal/Rodoviário ;181 * VIII ;5.0;Grave
54010;Estacionar afastado da guia da calçada (meio-fio) a mais de 1m ;Condutor ;195.23;Municipal/Rodoviário ;181, III ;5.0;Grave
54525;Estacionar ao lado ou sobre canteiro central/divisores de pista de rolamento ;Condutor ;195.23;Municipal/Rodoviário ;181 * VIII ;5.0;Grave
56141;Parar na pista de rolamento das estradas ;Condutor ;195.23;Municipal/Rodoviário ;182 * V ;5.0;Grave
53550;Fazer ou deixar que se faça reparo em veículo, em Rodoviárioia e via de trânsito rápido ;Condutor ;195.23;Municipal/Rodoviário ;179 * I ;5.0;Grave
54526;Estacionar ao lado ou sobre marcas de canalização ;Condutor ;195.23;Municipal/Rodoviário ;181 * VIII ;5.0;Grave
54522;Estacionar sobre faixa destinada a pedestre ;Condutor ;195.23;Municipal/Rodoviário ;181 * VIII ;5.0;Grave
54950;Estacionar na área de cruzamento de vias ;Condutor ;195.23;Municipal/Rodoviário ;181 * XII ;5.0;Grave
55680;Estacionar local/horário de estacionamento e parada proibidos pela sinalização ;Condutor ;195.23;Municipal/Rodoviário ;181 * XIX ;5.0;Grave
55171;Estacionar nos viadutos ;Condutor ;195.23;Municipal/Rodoviário ;181 * XIV ;5.0;Grave
55414;Estacionar em desacordo com a regulamentação - vaga de carga/descarga ;Condutor ;195.23;Municipal/Rodoviário ;181 * XVII ;5.0;Grave
54440;Estacionar nos acostamentos ;Condutor ;88.38;Municipal/Rodoviário ;181 * VII ;3.0;Leve
55411;Estacionar em desacordo com a regulamentação especificada pela sinalização ;Condutor ;195.23;Municipal/Rodoviário ;181 * XVII ;5.0;Grave
55412;Estacionar em desacordo com a regulamentação - estacionamento rotativo ;Condutor ;195.23;Municipal/Rodoviário ;181 * XVII ;5.0;Grave
55413;Estacionar em desacordo com a regulamentação - ponto ou vaga de táxi ;Condutor ;195.23;Municipal/Rodoviário ;181 * XVII ;5.0;Grave
52070;Dirigir sem atenção ou sem os cuidados indispensáveis à segurança ;Condutor ;88.38;Estadual/Municipal/Rodoviário ;169;3.0;Leve
53630;Fazer ou deixar que se faça reparo em veículos nas vias (quando não Rodoviárioia/transito rápido) ;Condutor ;88.38;Municipal/Rodoviário ;179, II ;3.0;Leve
53980;Estacionar afastado da guia da calçada (meio-fio) de 50cm a 1m ;Condutor ;88.38;Municipal/Rodoviário ;181 * II ;3.0;Leve
55417;Estacionar em desacordo com a regulamentação - vaga de curta duração ;Condutor ;195.23;Municipal/Rodoviário ;181 * XVII ;5.0;Grave
55840;Parar afastado da guia da calçada (meio-fio) de 50cm a 1m ;Condutor ;88.38;Municipal/Rodoviário ;182 * II ;3.0;Leve
56060;Parar  em desacordo com as posições estabelecidas no CTB ;Condutor ;88.38;Municipal/Rodoviário ;182 * IV ;3.0;Leve
56221;Parar no passeio ;Condutor ;88.38;Municipal/Rodoviário ;182 * VI ;3.0;Leve
56222;Parar  sobre faixa destinada a pedestres ;Condutor ;88.38;Municipal/Rodoviário ;182 * VI ;3.0;Leve
56223;Parar nas ilhas ou refúgios ;Condutor ;88.38;Municipal/Rodoviário ;182 * VI ;3.0;Leve
56224;Parar nos canteiros centrais/divisores de pista de rolamento ;Condutor ;88.38;Municipal/Rodoviário ;182 * VI ;3.0;Leve
56225;Parar nas marcas de canalização ;Condutor ;88.38;Municipal/Rodoviário ;182 * VI ;3.0;Leve
56810;Transitar na faixa ou pista da direita regulamentada como de circulação exclusiva para determinado tipo de veículo;Condutor ;88.38;Municipal/Rodoviário ;184 * I ;3.0;Leve
59830;Ultrapassar veículo em movimento que integre cortejo/desfile/formação militar ;Condutor ;83.06;Municipal/Rodoviário ;205;3.0;Leve
64400;Fazer uso do facho de luz alta dos faróis em vias providas de iluminação pública ;Condutor ;88.38;Municipal/Rodoviário ;224;3.0;Leve
64830;Usar buzina/buzinar que não a de toque breve como advertência a pedestre ou condutores ;Condutor ;88.38;Municipal/Rodoviário ;227 * I ;3.0;Leve
64910;Usar buzina/buzinar prolongada e sucessivamente a qualquer pretexto ;Condutor ;88.38;Municipal/Rodoviário ;227 * II ;3.0;Leve
65050;Usar buzina/buzinar entre as vinte e duas e as seis horas ;Condutor ;88.38;Municipal/Rodoviário ;227 * III ;3.0;Leve
65130;Usar buzina/buzinar em locais e horários proibidos pela sinalização ;Condutor ;88.38;Municipal/Rodoviário ;227 * IV ;3.0;Leve
65210;Usar buzina/buzinar em desacordo com os padrões e frequências estabelecidas pelo Contran ;Proprietário ;88.38;Municipal/Rodoviário ;227 * V ;3.0;Leve
69120;Conduzir veículo sem os documentos de porte obrigatório referidos no CTB ;Condutor ;88.38;Estadual/Rodoviário ;232;3.0;Leve
70051;Deixar de atualizar o cadastro de registro do veículo ;Proprietário ;88.38;Estadual ;241;3.0;Leve
70052;Deixar de atualizar o cadastro de habilitação do condutor ;Condutor ;88.38;Estadual ;241;3.0;Leve
73901;É proibido ao pedestre cruzar pista de rolamento de viaduto exceto onde permitido ;Pedestre ;44.19;Municipal/Rodoviário ;254 * II ;3.0;Leve50%
73902;É proibido ao pedestre cruzar pista de rolamento de ponte exceto onde permitido ;Pedestre ;44.19;Municipal/Rodoviário ;254 * II ;3.0;Leve50%
73903;É proibido ao pedestre cruzar pista de rolamento de túneis exceto onde permitido ;Pedestre ;44.19;Municipal/Rodoviário ;254 * II ;3.0;Leve50%
74040;É proibido ao pedestre atravessar via área cruzamento exceto onde permitido pela sinalização ;Pedestre ;44.19;Municipal/Rodoviário ;254 * III ;3.0;Leve50%
74120;É proibido pedestre utilizar via em agrupamento que perturbe trânsito/prática esporte/desfile ;Pedestre ;44.19;Municipal/Rodoviário ;254 * IV ;3.0;Leve50%
74201;É proibido ao pedestre andar fora da faixa própria ;Pedestre ;44.19;Municipal/Rodoviário ;254 * V ;3.0;Leve50%
74202;É proibido ao pedestre andar fora da passarela ;Pedestre ;44.19;Municipal/Rodoviário ;254 * V ;3.0;Leve50%
74203;É proibido ao pedestre andar fora da passagem aérea ;Pedestre ;44.19;Municipal/Rodoviário ;254 * V ;3.0;Leve50%
74204;É proibido ao pedestre andar fora da passagem subterrânea ;Pedestre ;44.19;Municipal/Rodoviário ;254 * V ;3.0;Leve50%
74390;É proibido ao pedestre desobedecer a sinalização de trânsito específica ;Pedestre ;44.19;Municipal/Rodoviário ;254 * VI ;3.0;Leve50%
52231;Usar veículo para arremessar sobre os pedestres água ou detritos ;Condutor ;130.16;Municipal/Rodoviário ;171;4.0;Média
52232;Usar veículo para arremessar sobre os veículos água ou detritos ;Condutor ;130.16;Municipal/Rodoviário ;171;4.0;Média
51851;Deixar o condutor de usar o cinto segurança ;Condutor ;195.23;Estadual/Municipal/Rodoviário ;167;5.0;Grave
52312;Abandonar na via objetos ou substâncias ;Condutor ;130.16;Municipal/Rodoviário ;172;4.0;Média
51852;Deixar o passageiro de usar o cinto segurança ;Condutor ;195.23;Estadual/Municipal/Rodoviário ;167;5.0;Grave
53470;Deixar o condutor envolvido em acidente sem vítima, de remover o veículo do local ;Condutor ;130.16;Municipal/Rodoviário ;178;4.0;Média
53710;Ter seu veículo imobilizado na via por falta de combustível ;Condutor ;130.16;Municipal/Rodoviário ;180;4.0;Média
53800;Estacionar nas esquinas e a menos de 5m do alinhamento da via transversal ;Condutor ;130.16;Municipal/Rodoviário ;181 * I ;4.0;Média
54100;Estacionar em desacordo com as posições estabelecidas no CTB ;Condutor ;130.16;Municipal/Rodoviário ;181 * IV ;4.0;Média
54360;Estacionar junto/sobre hidrante de incêndio, registro de água/tampa de poço visita galerias subterrâneas ;Condutor ;130.16;Municipal/Rodoviário ;181, VI ;4.0;Média
54600;Estacionar em guia de calçada rebaixada destinada à entrada/saída de veículos ;Condutor ;130.16;Municipal/Rodoviário ;181 * IX ;4.0;Média
54790;Estacionar impedindo a movimentação de outro veículo ;Condutor ;130.16;Municipal/Rodoviário ;181 * X ;4.0;Média
53390;Deixar o condutor de prestar socorro à vítima de acidente de trânsito quando solicitado pela autoridade e seus agentes ;Condutor ;195.23;Estadual/Municipal/Rodoviário ;177;5.0;Grave
54521;Estacionar no passeio ;Condutor ;195.23;Municipal/Rodoviário ;181 * VIII ;5.0;Grave
55500;Estacionar em local/horário proibido especificamente pela sinalização ;Condutor ;130.16;Municipal/Rodoviário ;181 * XVIII ;4.0;Média
55760;Parar nas esquinas e a menos 5m do bordo do alinhamento da via transversal ;Condutor ;130.16;Municipal/Rodoviário ;182 * I ;4.0;Média
55920;Parar afastado da guia da calçada (meio-fio) a mais de 1m ;Condutor ;130.16;Municipal/Rodoviário ;182 * III ;4.0;Média
56300;Parar na área de cruzamento de vias ;Condutor ;130.16;Municipal/Rodoviário ;182 * VII ;4.0;Média
56491;Parar nos viadutos ;Condutor ;130.16;Municipal/Rodoviário ;182 * VIII ;4.0;Média
56492;Parar nas pontes ;Condutor ;130.16;Municipal/Rodoviário ;182 * VIII ;4.0;Média
56493;Parar nos túneis ;Condutor ;130.16;Municipal/Rodoviário ;182 * VIII ;4.0;Média
56570;Parar na contramão de direção ;Condutor ;130.16;Municipal/Rodoviário ;182 * IX ;4.0;Média
56650;Parar em local/horário proibidos especificamente pela sinalização ;Condutor ;130.16;Municipal/Rodoviário ;182 * X ;4.0;Média
56731;Parar  sobre faixa de pedestres na mudança de sinal luminoso ;Condutor ;130.16;Municipal/Rodoviário ;183;4.0;Média
56732;Parar sobre faixa de pedestres na mudança de sinal luminoso (fiscalização eletrônica) ;Condutor ;130.16;Municipal/Rodoviário ;183;4.0;Média
57030;Deixar de conservar o veículo na faixa a ele destinada pela sinalização de regulamentação ;Condutor ;130.16;Municipal/Rodoviário ;185 * I ;4.0;Média
57110;Deixar de conservar nas faixas da direita o veículo lento e de maior porte ;Condutor ;130.16;Municipal/Rodoviário ;185 * II ;4.0;Média
57461;Transitar em local/horário não permitido pela regulamentação estabelecida pela autoridade ;Condutor ;130.16;Municipal/Rodoviário ;187 * I ;4.0;Média
57462;Transitar em local/horário não permitido pela regulamentação - rodízio ;Condutor ;130.16;Municipal/Rodoviário ;187 * I ;4.0;Média
57463;Transitar em local/horário não permitido pela regulamentação - caminhão ;Condutor ;130.16;Municipal/Rodoviário ;187 * I ;4.0;Média
57620;Transitar ao lado de outro veículo, interrompendo ou perturbando o trânsito ;Condutor ;130.16;Municipal/Rodoviário ;188;4.0;Média
58511;Deixar de deslocar com antecedência veículo para faixa mais à esquerda quando for manobrar ;Condutor ;130.16;Municipal/Rodoviário ;197;4.0;Média
58512;Deixar de deslocar com antecedência veículo para faixa mais à direita quando for manobrar ;Condutor ;130.16;Municipal/Rodoviário ;197;4.0;Média
58600;Deixar de dar passagem pela esquerda quando solicitado ;Condutor ;130.16;Municipal/Rodoviário ;198;4.0;Média
58780;Ultrapassar pela direita, salvo quando veículo da frente der sinal para entrar esquerda ;Condutor ;130.16;Municipal/Rodoviário ;199;4.0;Média
58940;Deixar de guardar a distância lateral de 1,50m ao passar/ultrapassar bicicleta ;Condutor ;130.16;Municipal/Rodoviário ;201;4.0;Média
61900;Entrar/sair área lindeira sem precaução com a segurança de pedestres e veículos ;Condutor ;130.16;Municipal/Rodoviário ;216;4.0;Média
62030;Entrar/sair de fila de veículos estacionados sem dar preferência a pedestres/veículos ;Condutor ;130.16;Municipal/Rodoviário ;217;4.0;Média
62540;Transitar em velocidade inferior à metade da máxima da via, salvo faixa direita ;Condutor ;130.16;Municipal/Rodoviário ;219;4.0;Média
64080;Portar no veículo placas de identificação em desacordo com especificação/modelo Contran ;Proprietário ;130.16;Estadual/Rodoviário ;221;4.0;Média
64240;Deixar de manter ligado em emergência o sistema iluminação vermelha intermitente ainda que parado ;Condutor ;130.16;Municipal/Rodoviário ;222;4.0;Média
64750;Deixar de retirar qualquer objeto utilizado para sinalização temporária da via ;Condutor ;130.16;Municipal/Rodoviário ;226;4.0;Média
65480;Usar no veículo alarme/aparelho produz som perturbe sossego público desacordo norma Contran ;Condutor ;130.16;Estadual/Rodoviário ;229;4.0;Média
67500;Conduzir o veículo de carga com falta inscrição da tara e demais previstas no CTB ;Proprietário ;130.16;Estadual/Rodoviário ;230 * XXI ;4.0;Média
68580;Transitar com o veículo com lotação excedente ;Condutor ;293.47;Estadual/Municipal/Rodoviário ;231 * VII ;7.0;Gravíssima
68661;Transitar efetuando transporte remunerado de pessoas quando não licenciado para esse fim ;Proprietário ;293.47;Estadual/Municipal/Rodoviário ;231 * VIII ;7.0;Gravíssima
68662;Transitar efetuando transporte remunerado de bens quando não licenciado para esse fim ;Proprietário ;293.47;Estadual/Municipal/Rodoviário ;231 * VIII ;7.0;Gravíssima
68742;Transitar com o veículo desengrenado em declive ;Condutor ;130.16;Municipal/Rodoviário ;231 * IX ;4.0;Média
69550;Rebocar outro veículo com cabo flexível ou corda ;Condutor ;130.16;Municipal/Rodoviário ;236;4.0;Média
70562;Conduzir ciclo fazendo malabarismo ou equilibrando-se em uma roda ;Condutor ;293.47;Municipal/Rodoviário ;244 * III c/c §1º ;7.0;Gravíssima
70992;Conduzir ciclo sem segurar o guidom com ambas as mãos ;Condutor ;130.16;Municipal/Rodoviário ;244 * VII c/c §1º ;4.0;Média
71022;Conduzir ciclo transportando carga incompatível ;Condutor ;130.16;Municipal/Rodoviário ;244 * VIII c/c §1º ;4.0;Média
71100;Conduzir ciclo transportando passageiro fora da garupa/assento a ele destinado ;Condutor ;130.16;Municipal/Rodoviário ;244 * §1º * a ;4.0;Média
71291;Conduzir ciclo via de trânsito rápido ou Rodoviárioia salvo se houver acostamento/faixa própria ;Condutor ;130.16;Municipal/Rodoviário ;244 * §1º * b ;4.0;Média
71292;Conduzir ciclomotor em via de trânsito rápido ;Condutor ;130.16;Municipal/Rodoviário ;244 * §2º ;4.0;Média
71293;Conduzir ciclomotor em Rodoviárioia salvo se houver acostamento ou faixa própria ;Condutor ;130.16;Municipal/Rodoviário ;244 * §2º ;4.0;Média
71370;Conduzir ciclo transportando criança sem condição de cuidar própria segurança ;Condutor ;130.16;Municipal/Rodoviário ;244 * §1º * c ;4.0;Média
72001;Deixar de conduzir pelo bordo pista em fila única veículo tração/propulsão humana ;Condutor ;130.16;Municipal/Rodoviário ;247;4.0;Média
72002;Deixar de conduzir pelo bordo da pista em fila única veículo de tração animal ;Condutor ;130.16;Municipal/Rodoviário ;247;4.0;Média
72261;Deixar de manter acesas à noite as luzes posição qdo o veículo estiver parado ;Condutor ;130.16;Municipal/Rodoviário ;249;4.0;Média
72340;Em movimento, deixar de manter acesa a luz baixa durante à noite ;Condutor ;130.16;Municipal/Rodoviário ;250 * I * a ;4.0;Média
72500;Em movimento, deixar de manter acesa luz baixa veículo transporte coletivo faixa/pista exclusiva ;Condutor ;130.16;Municipal/Rodoviário ;250 * I * c ;4.0;Média
72690;Em movimento de dia, deixar de manter acesa luz baixa de motocicletas/motonetas/ciclomotores ;Condutor ;130.16;Municipal/Rodoviário ;250 * I * d ;4.0;Média
72850;Em movimento, deixar de manter  a placa traseira iluminada à noite ;Condutor ;130.16;Estadual/Rodoviário ;250 * III ;4.0;Média
72930;Utilizar o pisca-alerta, exceto em imobilizações ou situações de emergência ;Condutor ;130.16;Municipal/Rodoviário ;251 * I ;4.0;Média
73070;Utilizar luz alta e baixa intermitente, exceto quando permitido pelo CTB ;Condutor ;130.16;Municipal/Rodoviário ;251 * II ;4.0;Média
73150;Dirigir o veículo com o braço do lado de fora ;Condutor ;130.16;Municipal/Rodoviário ;252 * I ;4.0;Média
73231;Dirigir o veículo transportando pessoas à sua esquerda ou entre os braços e pernas ;Condutor ;130.16;Estadual/Rodoviário ;252 * II ;4.0;Média
73233;Dirigir o veículo transportando volume à sua esquerda ou entre os braços e pernas ;Condutor ;130.16;Estadual/Rodoviário ;252 * II ;4.0;Média
73310;Dirigir o veículo com incapacidade física ou mental temporária ;Condutor ;130.16;Estadual/Rodoviário ;252 * III ;4.0;Média
73400;Dirigir o veículo usando calçado que não se firme nos pés/comprometa utilização pedais (chinelo);Condutor ;130.16;Estadual/Rodoviário ;252 * IV ;4.0;Média
73580;Dirigir o veículo com apenas uma das mãos, exceto quando permitido pelo CTB ;Condutor ;130.16;Estadual/Rodoviário ;252 * V ;4.0;Média
73661;Dirigir o veículo utilizando-se de fones nos ouvidos conectados a aparelhagem sonora ;Condutor ;130.16;Estadual/Municipal/Rodoviário ;252 * VI ;4.0;Média
73662;Dirigir veículo utilizando-se de telefone celular ;Condutor ;130.16;Estadual/Municipal/Rodoviário ;252 * VI ;4.0;Média
74471;Conduzir bicicleta em passeios onde não seja permitida a circulação desta ;Condutor ;130.16;Municipal/Rodoviário ;255;4.0;Média
74472;Conduzir bicicleta de forma agressiva ;Condutor ;130.16;Municipal/Rodoviário ;255;4.0;Média
74550;Transitar em velocidade superior à máxima permitida em até 20% ;Condutor ;130.16;Municipal/Rodoviário ;218 * I ;4.0;Média
52311;Atirar/jogar do veículo objetos ou substâncias ;Condutor ;130.16;Municipal/Rodoviário ;172;4.0;Média
51691;Dirigir sob a influência de álcool ;Condutor ;2934.7;Estadual/Rodoviário ;165;7.0;Gravíssima10X
52400;Disputar corrida (racha/raxa);Condutor ;2934.7;Estadual/Municipal/Rodoviário ;173;7.0;Gravíssima10X
52581;Promover na via competição esportiva sem permissão ;PF ou PJ ;2934.7;Municipal/Rodoviário ;174;7.0;Gravíssima10X
52582;Promover na via eventos organizados sem permissão ;PF ou PJ ;2934.7;Municipal/Rodoviário ;174;7.0;Gravíssima10X
52583;Promover na via exibição e demonstração de perícia em manobra de veículo sem permissão ;PF ou PJ ;2934.7;Municipal/Rodoviário ;174;7.0;Gravíssima10X
52661;Participar na via como condutor em competição sem permissão ;Condutor ;2934.7;Municipal/Rodoviário ;174;7.0;Gravíssima10X
52662;Participar na via como condutor em eventos organizados sem permissão ;Condutor ;2934.7;Municipal/Rodoviário ;174;7.0;Gravíssima10X
52663;Participar como condutor de exibição/demonstração de perícia em manobra de veículo sem permissão ;Condutor ;2934.7;Municipal/Rodoviário ;174;7.0;Gravíssima10X
52741;Utilizar-se de veículo para demonstrar ou exibir manobra perigosa, mediante arrancada brusca ;Condutor ;2934.7;Estadual/Rodoviário ;175;7.0;Gravíssima10X
57970;Forçar passagem entre veículos que, transitando em sentidos opostos, estejam na iminência de passar um pelo outro ao realizar operação de ultrapassagem ;Condutor ;2934.7;Municipal/Rodoviário ;191;7.0;Gravíssima10X
75790;Recusar-se a ser submetido a teste, exame clínico, perícia ou outro procedimento que permita certificar influência de álcool ou outra substância psicoativa, na forma estabelecida pelo art. 277 ;Condutor ;2934.7;Estadual/Rodoviário ;165-A ;7.0;Gravíssima10X
56143;Parar na pista de rolamento das vias de trânsito rápido ;Condutor ;195.23;Municipal/Rodoviário ;182 * V ;5.0;Grave
50100;Dirigir veículo sem possuir CNH/PPD/ACC (inabilitado);Condutor ;880.41;Estadual/Rodoviário ;162 * I ;7.0;Gravíssima3X
56144;Parar na pista de rolamento das demais vias dotadas de acostamento ;Condutor ;195.23;Municipal/Rodoviário ;182 * V ;5.0;Grave
50371;Dirigir veículo com CNH de categoria diferente da do veículo ;Condutor ;586.94;Estadual/Rodoviário ;162 * III ;7.0;Gravíssima2X
56900;Transitar na faixa/pista da esquerda regulamentada circulação exclusiva determinado veículo ;Condutor ;195.23;Municipal/Rodoviário ;184 * II ;5.0;Grave
57200;Transitar pela contramão de direção em via com duplo sentido de circulação ;Condutor ;195.23;Municipal/Rodoviário ;186 * I ;5.0;Grave
57890;Seguir veículo em serviço de urgência devidamente identificado por alarme sonoro/iluminação vermelha ;Condutor ;195.23;Municipal/Rodoviário ;190;5.0;Grave
58000;Deixar de guardar distância de segurança lateral/frontal entre seu veículo e demais e ao bordo pista ;Condutor ;195.23;Municipal/Rodoviário ;192;5.0;Grave
50372;Dirigir veículo com PPD de categoria diferente da do veículo ;Condutor ;586.94;Estadual/Rodoviário ;162 * III ;7.0;Gravíssima2X
50610;Entregar veículo a pessoa sem CNH/PPD/ACC ;Proprietário ;880.41;Estadual/Rodoviário ;163 c/c 162 * I ;7.0;Gravíssima3X
58270;Transitar em marcha ré, salvo na distância necessária a pequenas manobras ;Condutor ;195.23;Municipal/Rodoviário ;194;5.0;Grave
50881;Entregar veículo a pessoa com CNH de categoria diferente da do veículo ;Proprietário ;586.94;Estadual/Rodoviário ;163 c/c 162 * III ;7.0;Gravíssima2X
58350;Desobedecer às ordens emanadas da autorid compet de trânsito ou de seus agentes ;Condutor ;195.23;Estadual/Municipal/Rodoviário ;195;5.0;Grave
50882;Entregar veículo a pessoa com PPD de categoria diferente da do veículo ;Proprietário ;586.94;Estadual/Rodoviário ;163 c/c 162 * III ;7.0;Gravíssima2X
58431;Deixar de indicar com antecedência, mediante gesto de braço/luz indicadora, início da marcha ;Condutor ;195.23;Estadual/Municipal/Rodoviário ;196;5.0;Grave
51180;Permitir posse/condução do veículo a pessoa sem CNH/PPD/ACC ;Proprietário ;880.41;Estadual/Rodoviário ;164 c/c 162 * I ;7.0;Gravíssima3X
51341;Permitir posse/condução veículo a pessoa com CNH categoria diferente da do veículo ;Proprietário ;586.94;Estadual/Rodoviário ;164 c/c 162 * III ;7.0;Gravíssima2X
51342;Permitir posse/condução veículo a pessoa com PPD categoria diferente da do veículo ;Proprietário ;586.94;Estadual/Rodoviário ;164 c/c 162 * III ;7.0;Gravíssima2X
58191;Transitar com o veículo em calçadas, passeios ;Condutor ;880.41;Municipal/Rodoviário ;193;7.0;Gravíssima3X
58192;Transitar com o veículo em ciclovias, ciclofaixas ;Condutor ;880.41;Municipal/Rodoviário ;193;7.0;Gravíssima3X
58432;Deixar de indicar com antecedência, mediante gesto de braço/luz indicadora, manobra de parar ;Condutor ;195.23;Estadual/Municipal/Rodoviário ;196;5.0;Grave
58193;Transitar com o veículo em ajardinamentos, gramados, jardins públicos ;Condutor ;880.41;Municipal/Rodoviário ;193;7.0;Gravíssima3X
58194;Transitar com o veículo em canteiros centrais/divisores de pista de rolamento ;Condutor ;880.41;Municipal/Rodoviário ;193;7.0;Gravíssima3X
58433;Deixar de indicar com antecedência, mediante gesto de braço/luz indicadora, mudança de direção ;Condutor ;195.23;Estadual/Municipal/Rodoviário ;196;5.0;Grave
58195;Transitar com o veículo em ilhas, refúgios ;Condutor ;880.41;Municipal/Rodoviário ;193;7.0;Gravíssima3X
58434;Deixar de indicar com antecedência, mediante gesto de braço/luz indicadora, mudança de faixa ;Condutor ;195.23;Estadual/Municipal/Rodoviário ;196;5.0;Grave
59750;Deixar de parar no acostamento à direita, para cruzar pista ou entrar à esquerda ;Condutor ;195.23;Municipal/Rodoviário ;204;5.0;Grave
60411;Executar operação de conversão à direita em local proibido pela sinalização ;Condutor ;195.23;Municipal/Rodoviário ;207;5.0;Grave
60412;Executar operação de conversão à esquerda em local proibido pela sinalização ;Condutor ;195.23;Municipal/Rodoviário ;207;5.0;Grave
60681;Transpor bloqueio viário com ou sem sinalização ou dispositivos auxiliares ;Condutor ;195.23;Estadual/Municipal/Rodoviário ;209;5.0;Grave
60682;Deixar de adentrar às áreas destinadas à pesagem de veículos ;Condutor ;195.23;Estadual/Municipal/Rodoviário ;209;5.0;Grave
60841;Ultrapassar veículos motorizados em fila, parados em razão de sinal luminoso ;Condutor ;195.23;Estadual/Municipal/Rodoviário ;211;5.0;Grave
58196;Transitar com o veículo em marcas de canalização ;Condutor ;880.41;Municipal/Rodoviário ;193;7.0;Gravíssima3X
58197;Transitar com o veículo em acostamentos ;Condutor ;880.41;Municipal/Rodoviário ;193;7.0;Gravíssima3X
74710;Transitar em velocidade superior à máxima permitida em mais de 50% ;Condutor ;880.41;Municipal/Rodoviário ;218 * III ;7.0;Gravíssima3X
50291;Dirigir veículo com CNH/PPD/ACC cassada ;Condutor ;880.41;Estadual/Rodoviário ;162 * II ;7.0;Gravíssima3X
50292;Dirigir veículo com CNH/PPD/ACC com suspensão do direito de dirigir ;Condutor ;880.41;Estadual/Rodoviário ;162 * II ;7.0;Gravíssima3X
50701;Entregar veículo a pessoa com CNH/PPD/ACC cassada ;Proprietário ;880.41;Estadual/Rodoviário ;163 c/c 162 * II ;7.0;Gravíssima3X
50702;Entregar veículo a pessoa com CNH/PPD/ACC com susp. do direito de dirigir ;Proprietário ;880.41;Estadual/Rodoviário ;163 c/c 162 * II ;7.0;Gravíssima3X
51261;Permitir posse/condução do veículo a pessoa com CNH/PPD/ACC cassada ;Proprietário ;880.41;Estadual/Rodoviário ;164 c/c 162 * II ;7.0;Gravíssima3X
52820;Deixar o condutor envolvido em acidente, de prestar ou providenciar socorro a vítima ;Condutor ;1467.35;Estadual/Rodoviário ;176 * I ;7.0;Gravíssima5X
52900;Deixar o condutor envolvido em acidente, de adotar providências para evitar perigo para o trânsito ;Condutor ;1467.35;Estadual/Rodoviário ;176 * II ;7.0;Gravíssima5X
50450;Dirigir veículo com validade de CNH/PPD vencida há mais de 30 dias ;Condutor ;293.47;Estadual/Rodoviário ;162 * V ;7.0;Gravíssima
53040;Deixar o condutor envolvido em acidentes com vítima de preservar o local, de forma a facilitar os trabalhos da Polícia e da Perícia. ;Condutor ;1467.35;Estadual/Rodoviário ;176 * III ;7.0;Gravíssima5X
53120;Deixar o condutor envolvido em acidente, de remover o veículo do local quando determinado por policial ou agente da autoridade de trânsito ;Condutor ;1467.35;Estadual/Rodoviário ;176 * IV ;7.0;Gravíssima5X
53200;Deixar o condutor envolvido em acidente, de identificar-se ao policial e de lhe prestar informações necessárias à confecção do boletim de ocorrência ;Condutor ;1467.35;Estadual/Rodoviário ;176 * V ;7.0;Gravíssima5X
59080;Ultrapassar pelo acostamento ;Condutor ;1467.35;Municipal/Rodoviário ;202 * I ;7.0;Gravíssima5X
59161;Ultrapassar  em interseções ;Condutor ;1467.35;Municipal/Rodoviário ;202 * II ;7.0;Gravíssima5X
59162;Ultrapassar  em passagem de nível ;Condutor ;1467.35;Municipal/Rodoviário ;202 * II ;7.0;Gravíssima5X
59241;Ultrapassar pela contramão nas curvas sem visibilidade suficiente ;Condutor ;1467.35;Municipal/Rodoviário ;203 * I ;7.0;Gravíssima5X
50531;Dirigir veículo sem usar lentes corretoras de visão ;Condutor ;293.47;Estadual/Rodoviário ;162 * VI ;7.0;Gravíssima
59242;Ultrapassar pela contramão nos aclives ou declives, sem visibilidade suficiente ;Condutor ;1467.35;Municipal/Rodoviário ;203 * I ;7.0;Gravíssima5X
59320;Ultrapassar pela contramão nas faixas de pedestre ;Condutor ;1467.35;Municipal/Rodoviário ;203 * II ;7.0;Gravíssima5X
59401;Ultrapassar pela contramão nas pontes ;Condutor ;1467.35;Municipal/Rodoviário ;203 * III ;7.0;Gravíssima5X
50532;Dirigir veículo sem usar aparelho auxiliar de audição ;Condutor ;293.47;Estadual/Rodoviário ;162 * VI ;7.0;Gravíssima
59402;Ultrapassar pela contramão nos viadutos ;Condutor ;1467.35;Municipal/Rodoviário ;203 * III ;7.0;Gravíssima5X
59403;Ultrapassar pela contramão nos túneis ;Condutor ;1467.35;Municipal/Rodoviário ;203 * III ;7.0;Gravíssima5X
59591;Ultrapassar pela contramão veículo parado em fila junto sinal luminoso ;Condutor ;1467.35;Municipal/Rodoviário ;203 * IV ;7.0;Gravíssima5X
59593;Ultrapassar pela contramão veículo parado em fila junto a cruzamento ;Condutor ;1467.35;Municipal/Rodoviário ;203 * IV ;7.0;Gravíssima5X
59594;Ultrapassar pela contramão veículo parado em fila junto a qualquer outro impedimento à livre circulação ;Condutor ;1467.35;Municipal/Rodoviário ;203 * IV ;7.0;Gravíssima5X
50533;Dirigir veículo sem usar aparelho auxiliar de prótese física ;Condutor ;293.47;Estadual/Rodoviário ;162 * VI ;7.0;Gravíssima
59670;Ultrapassar pela contramão linha de divisão de fluxos opostos, contínua amarela ;Condutor ;1467.35;Municipal/Rodoviário ;203 * V ;7.0;Gravíssima5X
50534;Dirigir veículo sem adaptações impostas na concessão/renovação licença conduzir ;Condutor ;293.47;Estadual/Rodoviário ;162 * VI ;7.0;Gravíssima
50960;Entregar veículo a pessoa com CNH/PPD vencida há mais de 30 dias ;Proprietário ;293.47;Estadual/Rodoviário ;163 c/c 162 * V ;7.0;Gravíssima
51001;Entregar o veículo a pessoa sem usar lentes corretoras de visão ;Proprietário ;293.47;Estadual/Rodoviário ;163 c/c 162 * VI ;7.0;Gravíssima
51002;Entregar o veículo a pessoa sem usar aparelho auxiliar de audição ;Proprietário ;293.47;Estadual/Rodoviário ;163 c/c 162 * VI ;7.0;Gravíssima
51003;Entregar o veículo a pessoa sem aparelho de prótese física ;Proprietário ;293.47;Estadual/Rodoviário ;163 c/c 162 * VI ;7.0;Gravíssima
51004;Entregar veículo a pessoa sem adaptações do veículo impostas por ocasião da concessão ou da renovação da licença para conduzir ;Proprietário ;293.47;Estadual/Rodoviário ;163 c/c 162 * VI ;7.0;Gravíssima
51420;Permitir posse/condução do veículo a pessoa com CNH/PPD vencida há mais de 30 dias ;Proprietário ;293.47;Estadual/Rodoviário ;164 c/c 162 * V ;7.0;Gravíssima
51501;Permitir posse/condução do veículo a pessoa sem usar lentes corretoras de visão ;Proprietário ;293.47;Estadual/Rodoviário ;164 c/c 162 * VI ;7.0;Gravíssima
51502;Permitir posse/condução do veículo a pessoa sem usar aparelho auxiliar de audição ;Proprietário ;293.47;Estadual/Rodoviário ;164 c/c 162 * VI ;7.0;Gravíssima
51503;Permitir posse/condução do veículo a pessoa sem usar aparelho de prótese física ;Proprietário ;293.47;Estadual/Rodoviário ;164 c/c 162 * VI ;7.0;Gravíssima
51504;Permitir posse de condutor em veículo sem adaptações impostas concessão/renovação licença condutor ;Proprietário ;293.47;Estadual/Rodoviário ;164 c/c 162 * VI ;7.0;Gravíssima
51770;Confiar/entregar veículo a pessoa com estado físico/psíquico sem condições dirigir em segurança ;Proprietário ;293.47;Estadual/Rodoviário ;166;7.0;Gravíssima
51930;Transportar criança sem observância das normas de segurança estabelecidas para CTB (retenção/cadeirinha(cadeira)/menor de 10 anos/altura inferior a 1,45m);Condutor ;293.47;Estadual/Municipal/Rodoviário ;168;7.0;Gravíssima
52151;Dirigir ameaçando os pedestres que estejam atravessando a via pública ;Condutor ;293.47;Estadual/Municipal/Rodoviário ;170;7.0;Gravíssima
60842;Ultrapassar veículos motorizados em fila, parados em razão de cancela ;Condutor ;195.23;Estadual/Municipal/Rodoviário ;211;5.0;Grave
60843;Ultrapassar veículos motorizados em fila parados em razão de bloqueio viário parcial ;Condutor ;195.23;Estadual/Municipal/Rodoviário ;211;5.0;Grave
60844;Ultrapassar veículos motorizados em fila, parados em razão de qualquer obstáculo ;Condutor ;195.23;Estadual/Municipal/Rodoviário ;211;5.0;Grave
61140;Deixar de parar sempre que a marcha for interceptada por agrupamento de veículos ;Condutor ;195.23;Municipal/Rodoviário ;213 * II ;5.0;Grave
61570;Deixar de dar preferência a pedestre/veículo não motorizado quando iniciada travessia sem sinalização ;Condutor ;195.23;Municipal/Rodoviário ;214 * IV ;5.0;Grave
61650;Deixar de dar preferência a pedestre/veículo não motorizado atravessando a via transversal ;Condutor ;195.23;Municipal/Rodoviário ;214 * V ;5.0;Grave
61731;Deixar de dar preferência em interseção não sinalizada, a veículo circulando por Rodoviárioia ;Condutor ;195.23;Municipal/Rodoviário ;215 * I * a ;5.0;Grave
61732;Deixar de dar preferência em interseção não sinalizada, a veículo circulando por rotatória ;Condutor ;195.23;Municipal/Rodoviário ;215 * I * a ;5.0;Grave
61733;Deixar de dar preferencia em interseção não sinalizada, a veículo que vier da direita ;Condutor ;195.23;Municipal/Rodoviário ;215 * I * b ;5.0;Grave
61810;Deixar de dar preferência nas interseções com sinalização de Dê a Preferência ;Condutor ;195.23;Municipal/Rodoviário ;215 * II ;5.0;Grave
62700;Deixar de reduzir a velocidade onde o trânsito esteja sendo controlado pelo agente ;Condutor ;195.23;Municipal/Rodoviário ;220 * II ;5.0;Grave
62891;Deixar de reduzir a velocidade do veículo ao aproximar-se da guia da calçada ;Condutor ;195.23;Municipal/Rodoviário ;220 * III ;5.0;Grave
62892;Deixar de reduzir a velocidade do veículo ao aproximar-se do acostamento ;Condutor ;195.23;Municipal/Rodoviário ;220 * III ;5.0;Grave
62970;Deixar de reduzir velocidade do veículo ao aproximar-se interseção não sinalizada ;Condutor ;195.23;Municipal/Rodoviário ;220 * IV ;5.0;Grave
55090;Estacionar no ponto de embarque/desembarque de passageiros transporte coletivo ;Condutor ;130.16;Municipal/Rodoviário ;181 * XIII ;4.0;Média
55250;Estacionar na contramão de direção ;Condutor ;130.16;Municipal/Rodoviário ;181 * XV ;4.0;Média
64160;Confeccionar/distribuir/colocar veículo próprio/terceiro placa identificação desacordo Contran ;PF ou PJ ;130.16;Estadual/Rodoviário ;221, parágrafo único ;4.0;Média
63000;Deixar reduzir velocidade nas vias rurais cuja faixa domínio não esteja cercada ;Condutor ;195.23;Municipal/Rodoviário ;220 * V ;5.0;Grave
68313;Transitar com o veículo com excesso de peso - PBT/PBTC e Por Eixo ;Emb/Transp ;130.16;Municipal/Rodoviário ;231 * V ;4.0;Média
68312;Transitar com o veículo com excesso de peso - Por Eixo ;Emb/Transp ;130.16;Municipal/Rodoviário ;231 * V ;4.0;Média
68311;Transitar com o veículo com excesso de peso PBT/PBTC ;Emb/Transp ;130.16;Municipal/Rodoviário ;231 * V ;4.0;Média
63190;Deixar de reduzir a velocidade nos trechos em curva de pequeno raio ;Condutor ;195.23;Municipal/Rodoviário ;220 * VI ;5.0;Grave
68741;Transitar com o veículo desligado em declive ;Condutor ;130.16;Municipal/Rodoviário ;231 * IX ;4.0;Média
68820;Transitar com o veículo excedendo a Capacidade Máxima de Tração (CMT) em até 600 kg ;Proprietário ;130.16;Municipal/Rodoviário ;231 * X ;4.0;Média
72262;Deixar de manter acesas à noite as luzes de posição veic fazendo carga/descarga ;Condutor ;130.16;Municipal/Rodoviário ;249;4.0;Média
73232;Dirigir o veículo transportando animais à sua esquerda ou entre os braços e pernas ;Condutor ;130.16;Estadual/Rodoviário ;252 * II ;4.0;Média
52152;Dirigir ameaçando os demais veículos ;Condutor ;293.47;Estadual/Municipal/Rodoviário ;170;7.0;Gravíssima
54281;Estacionar na pista de rolamento das estradas ;Condutor ;293.47;Municipal/Rodoviário ;181 * V ;7.0;Gravíssima
54282;Estacionar na pista de rolamento das Rodovias ;Condutor ;293.47;Municipal/Rodoviário ;181 * V ;7.0;Gravíssima
54283;Estacionar na pista de rolamento das vias de trânsito rápido ;Condutor ;293.47;Municipal/Rodoviário ;181 * V ;7.0;Gravíssima
54284;Estacionar na pista de rolamento das vias dotadas de acostamento ;Condutor ;293.47;Municipal/Rodoviário ;181 * V ;7.0;Gravíssima
57380;Transitar pela contramão de direção em via com sinalização de regulamentação sentido único ;Condutor ;293.47;Municipal/Rodoviário ;186 * II ;7.0;Gravíssima
57701;Deixar de dar passagem a veículo precedido de batedores devidamente identificados ;Condutor ;293.47;Estadual/Municipal/Rodoviário ;189;7.0;Gravíssima
57702;Deixar de dar passagem a veículo de socorro de incêndio e salvamento quando em serviço de urgência e devidamente identificados ;Condutor ;293.47;Estadual/Municipal/Rodoviário ;189;7.0;Gravíssima
57703;Deixar de dar passagem a veículo de polícia em serviço de urgência devidamente identificada ;Condutor ;293.47;Estadual/Municipal/Rodoviário ;189;7.0;Gravíssima
57704;Deixar de dar passagem a veículo de operação e fiscalização de trânsito devidamente identificada ;Condutor ;293.47;Estadual/Municipal/Rodoviário ;189;7.0;Gravíssima
57705;Deixar de dar passagem a ambulância em serviço de urgência devidamente identificada ;Condutor ;293.47;Estadual/Municipal/Rodoviário ;189;7.0;Gravíssima
58860;Ultrapassar pela direita veículo de transporte coletivo ou de escolares, parado para embarque ou desembarque de passageiros, salvo quando houver refúgio de segurança para o pedestre ;Condutor ;293.47;Municipal/Rodoviário ;200;7.0;Gravíssima
59910;Executar operação de retorno em locais proibidos pela sinalização ;Condutor ;293.47;Municipal/Rodoviário ;206 * I ;7.0;Gravíssima
60091;Executar operação de retorno nas curvas ;Condutor ;293.47;Municipal/Rodoviário ;206 * II ;7.0;Gravíssima
60092;Executar operação de retorno nos aclives ou declives ;Condutor ;293.47;Municipal/Rodoviário ;206 * II ;7.0;Gravíssima
60093;Executar operação de retorno nas pontes ;Condutor ;293.47;Municipal/Rodoviário ;206 * II ;7.0;Gravíssima
60094;Executar operação de retorno nos viadutos ;Condutor ;293.47;Municipal/Rodoviário ;206 * II ;7.0;Gravíssima
60095;Executar operação de retorno nos túneis ;Condutor ;293.47;Municipal/Rodoviário ;206 * II ;7.0;Gravíssima
60171;Executar operação de retorno passando por cima de calçada, passeio ;Condutor ;293.47;Municipal/Rodoviário ;206 * III ;7.0;Gravíssima
60172;Executar operação de retorno passando por cima de ilha, refúgio ;Condutor ;293.47;Municipal/Rodoviário ;206 * III ;7.0;Gravíssima
60173;Executar operação de retorno passando por cima de ajardinamento ;Condutor ;293.47;Municipal/Rodoviário ;206 * III ;7.0;Gravíssima
60174;Executar operação de retorno passando por cima de canteiro de divisor de pista ;Condutor ;293.47;Municipal/Rodoviário ;206 * III ;7.0;Gravíssima
60175;Executar operação de retorno passando por cima de faixa de pedestres ;Condutor ;293.47;Municipal/Rodoviário ;206 * III ;7.0;Gravíssima
60176;Executar operação de retorno passando por cima de faixa de veículo não motorizados ;Condutor ;293.47;Municipal/Rodoviário ;206 * III ;7.0;Gravíssima
60250;Executar retorno nas interseções, entrando na contramão da via transversal ;Condutor ;293.47;Municipal/Rodoviário ;206 * IV ;7.0;Gravíssima
60330;Executar retorno com prejuízo da circulação/segurança ainda que em local permitido ;Condutor ;293.47;Municipal/Rodoviário ;206 * V ;7.0;Gravíssima
60501;Avançar o sinal vermelho do semáforo, exceto onde houver sinalização que permite livre conversão à direita ;Condutor ;293.47;Municipal/Rodoviário ;208;7.0;Gravíssima
60502;Avançar o sinal de parada obrigatória ;Condutor ;293.47;Municipal/Rodoviário ;208;7.0;Gravíssima
60503;Avançar o sinal vermelho do semáforo sob fiscalização eletrônica ;Condutor ;293.47;Municipal/Rodoviário ;208;7.0;Gravíssima
60760;Transpor bloqueio viário policial ;Condutor ;293.47;Estadual/Municipal/Rodoviário ;210;7.0;Gravíssima
60920;Deixar de parar o veículo antes de transpor linha férrea ;Condutor ;195.23;Municipal/Rodoviário ;212;7.0;Gravíssima
61060;Deixar de parar sempre que a marcha for interceptada por agrupamento de pessoas ;Condutor ;293.47;Municipal/Rodoviário ;213 * I ;7.0;Gravíssima
61220;Deixar de dar preferência a pedestre e a veículo não motorizado na faixa a ele destinada ;Condutor ;293.47;Municipal/Rodoviário ;214 * I ;7.0;Gravíssima
61300;Deixar de dar preferência a pedestre e a veículo não motorizado que não haja concluído a travessia ;Condutor ;293.47;Municipal/Rodoviário ;214 * II ;7.0;Gravíssima
61490;Deixar de dar preferência a pedestre portador de deficiência física, criança, idoso e gestante ;Condutor ;293.47;Municipal/Rodoviário ;214 * III ;7.0;Gravíssima
62620;Deixar de reduzir a velocidade quando se aproximar de passeatas, aglomerações, desfiles, etc ;Condutor ;293.47;Municipal/Rodoviário ;220 * I ;7.0;Gravíssima
63941;Deixar de reduzir a velocidade nas proximidades de escolas ;Condutor ;293.47;Municipal/Rodoviário ;220 * XIV ;7.0;Gravíssima
63942;Deixar de reduzir a velocidade nas proximidades de hospitais ;Condutor ;293.47;Municipal/Rodoviário ;220 * XIV ;7.0;Gravíssima
63943;Deixar de reduzir velocidade na proximidade de estação de embarque e desembarque de passageiros ;Condutor ;293.47;Municipal/Rodoviário ;220 * XIV ;7.0;Gravíssima
63944;Deixar de reduzir velocidade onde haja intensa movimentação de pedestres ;Condutor ;293.47;Municipal/Rodoviário ;220 * XIV ;7.0;Gravíssima
65561;Conduzir o veículo com o lacre de identificação violado/falsificado ;Proprietário ;293.47;Estadual/Rodoviário ;230 * I ;7.0;Gravíssima
65562;Conduzir o veículo com a inscrição do chassi violada/falsificada ;Proprietário ;293.47;Estadual/Rodoviário ;230 * I ;7.0;Gravíssima
65563;Conduzir o veículo com o selo violado/falsificado ;Proprietário ;293.47;Estadual/Rodoviário ;230 * I ;7.0;Gravíssima
65564;Conduzir o veículo com a placa violada/falsificada ;Proprietário ;293.47;Estadual/Rodoviário ;230 * I ;7.0;Gravíssima
65565;Conduzir o veículo com qualquer outro elemento de identificação violado/falsificado ;Proprietário ;293.47;Estadual/Rodoviário ;230 * I ;7.0;Gravíssima
65640;Conduzir o veículo transportando passageiros em compartimento de carga ;Condutor ;293.47;Municipal/Rodoviário ;230 * II ;7.0;Gravíssima
65720;Conduzir o veículo com dispositivo antirradar ;Proprietário ;293.47;Estadual/Rodoviário ;230 * III ;7.0;Gravíssima
65800;Conduzir o veículo sem qualquer uma das placas de identificação ;Proprietário ;293.47;Estadual/Rodoviário ;230 * IV ;7.0;Gravíssima
65991;Conduzir o veículo que não esteja registrado ;Proprietário ;293.47;Estadual/Rodoviário ;230 * V ;7.0;Gravíssima
65992;Conduzir o veículo registrado que não esteja devidamente licenciado ;Proprietário ;293.47;Estadual/Rodoviário ;230 * V ;7.0;Gravíssima
66020;Conduzir o veículo com qualquer uma das placas sem legibilidade e visibilidade ;Proprietário ;293.47;Estadual/Rodoviário ;230 * VI ;7.0;Gravíssima
67770;Transitar com o veículo danificando a via, suas instalações e equipamentos ;Condutor ;293.47;Municipal/Rodoviário ;231 * I ;7.0;Gravíssima
67851;Transitar com veículo derramando a carga que esteja transportando ;Condutor ;293.47;Municipal/Rodoviário ;231 * II * a ;7.0;Gravíssima
67852;Transitar com veículo lançando a carga que esteja transportando ;Condutor ;293.47;Municipal/Rodoviário ;231 * II * a ;7.0;Gravíssima
67853;Transitar com veículo arrastando a carga que esteja transportando ;Condutor ;293.47;Municipal/Rodoviário ;231 * II * a ;7.0;Gravíssima
67930;Transitar com veículo derramando/lançando combustível/lubrificante que esteja utilizando ;Condutor ;293.47;Municipal/Rodoviário ;231 * II * b ;7.0;Gravíssima
68070;Transitar com veículo derramando/lançando/arrastando objeto que possa acarretar risco acidente ;Condutor ;293.47;Municipal/Rodoviário ;231 * II * c ;7.0;Gravíssima
69040;Transitar com o veículo excedendo a Capacidade Máxima de Tração (Capacidade Máxima de Tração (CMT)) acima de 1.000 kg ;Proprietário ;293.47;Municipal/Rodoviário ;231 * X ;7.0;Gravíssima
69391;Falsificar ou adulterar documento de habilitação ;Condutor ;293.47;Estadual/Rodoviário ;234;7.0;Gravíssima
69392;Falsificar ou adulterar documento de identificação do veículo ;Condutor ;293.47;Estadual/Rodoviário ;234;7.0;Gravíssima
69710;Recusar-se a entregar CNH/CRV/CRLV/ outros documentos ;Condutor ;293.47;Estadual/Rodoviário ;238;7.0;Gravíssima
69800;Retirar do local veículo legalmente retido para regularização, sem permissão ;Condutor ;293.47;Estadual/Municipal/Rodoviário ;239;7.0;Gravíssima
63270;Deixar de reduzir velocidade ao aproximar local sinalizado com advertência de obras/trabalhadores ;Condutor ;195.23;Municipal/Rodoviário ;220 * VII ;5.0;Grave
63350;Deixar de reduzir a velocidade sob chuva/neblina/cerração/ventos fortes ;Condutor ;195.23;Municipal/Rodoviário ;220 * VIII ;5.0;Grave
63430;Deixar de reduzir a velocidade quando houver má visibilidade ;Condutor ;195.23;Municipal/Rodoviário ;220 * IX ;5.0;Grave
63510;Deixar de reduzir velocidade quando pavimento se apresentar escorregadio/defeituoso/avariado ;Condutor ;195.23;Municipal/Rodoviário ;220 * X ;5.0;Grave
63600;Deixar de reduzir a velocidade à aproximação de animais na pista ;Condutor ;195.23;Municipal/Rodoviário ;220 * XI ;5.0;Grave
63780;Deixar de reduzir a velocidade de forma compatível com a segurança, em declive ;Condutor ;195.23;Municipal/Rodoviário ;220 * XII ;5.0;Grave
63860;Deixar de reduzir velocidade de forma compatível com segurança ao ultrapassar ciclista ;Condutor ;195.23;Municipal/Rodoviário ;220 * XIII ;5.0;Grave
64321;Transitar com farol desregulado perturbando visão outro condutor ;Condutor ;195.23;Estadual/Rodoviário ;223;5.0;Grave
70131;Fazer falsa declaração de domicílio para fins de registro/licenciamento ;Proprietário ;293.47;Estadual ;242;7.0;Gravíssima
70132;Fazer falsa declaração de domicílio para fins de habilitação ;Condutor ;293.47;Estadual ;242;7.0;Gravíssima
70301;Conduzir motocicleta, motoneta ou ciclomotor sem capacete de segurança ;Condutor ;293.47;Estadual/Municipal/Rodoviário ;244 * I ;7.0;Gravíssima
70303;Conduzir motocicleta, motoneta ou ciclomotor sem vestuário de acordo com as normas aprovadas pelo Contran ;Condutor ;293.47;Estadual/Municipal/Rodoviário ;244 * I ;7.0;Gravíssima
70481;Conduzir motocicleta, motoneta e ciclomotor transportando passageiro sem capacete ;Condutor ;293.47;Municipal/Rodoviário ;244 * II ;7.0;Gravíssima
70483;Conduzir motocicleta/motoneta/ciclomotor transportando passageiro fora do assento ;Condutor ;293.47;Municipal/Rodoviário ;244 * II ;7.0;Gravíssima
70561;Conduzir motocicleta/motoneta/ciclomotor fazendo malabarismo/equilibrando-se em uma roda ;Condutor ;293.47;Municipal/Rodoviário ;244 * III ;7.0;Gravíssima
64322;Transitar com o facho de luz alta perturbando visão outro condutor ;Condutor ;195.23;Estadual/Rodoviário ;223;5.0;Grave
70721;Conduzir motocicleta/motoneta/ciclomotor transportando criança menor de 10 anos de idade ;Condutor ;293.47;Municipal/Rodoviário ;244 * V ;7.0;Gravíssima
70722;Conduzir motocicleta/motoneta/ciclomotor transportando criança sem condição de cuidar própria segurança ;Condutor ;293.47;Municipal/Rodoviário ;244 * V ;7.0;Gravíssima
73740;Bloquear a via com veículo ;Condutor ;293.47;Municipal/Rodoviário ;253;7.0;Gravíssima
64591;Deixar de sinalizar via para tornar visível local quando tiver remover veículo da pista ;Condutor ;195.23;Municipal/Rodoviário ;225*I ;5.0;Grave
64592;Deixar de sinalizar a via para tornar visível o local quando permanecer acostamento ;Condutor ;195.23;Municipal/Rodoviário ;225*I ;5.0;Grave
64670;Deixar de sinalizar a via para tornar visível o local quando a carga for derramada ;Condutor ;195.23;Municipal/Rodoviário ;225*II ;5.0;Grave
65300;Usar no veículo equipamento com som em volume ou frequência que não sejam autorizados pelo CONTRAN ;Condutor ;195.23;Municipal/Rodoviário ;228;5.0;Grave
66101;Conduzir o veículo com a cor alterada ;Proprietário ;195.23;Estadual/Rodoviário ;230*VII ;5.0;Grave
66102;Conduzir o veículo com característica alterada ;Proprietário ;195.23;Estadual/Rodoviário ;230*VII ;5.0;Grave
66290;Conduzir veículo sem ter sido submetido à inspeção de segurança veicular, quando obrigatória ;Proprietário ;195.23;Estadual/Rodoviário ;230 * VIII ;5.0;Grave
66371;Conduzir o veículo sem equipamento obrigatório ;Proprietário ;195.23;Estadual/Rodoviário ;230*IX ;5.0;Grave
73820;É proibido ao pedestre permanecer/andar pista, exceto para cruzá-las onde permitido ;Pedestre ;44.19;Municipal/Rodoviário ;254 * I ;3.0;Leve50%
66372;Conduzir o veículo com equipamento obrigatório ineficiente/inoperante ;Proprietário ;195.23;Estadual/Rodoviário ;230 * IX ;5.0;Grave
66450;Conduzir o veículo com equipamento obrigatório em desacordo com o estabelecido pelo Contran ;Proprietário ;195.23;Estadual/Rodoviário ;230 * X ;5.0;Grave
66531;Conduzir o veículo com descarga livre ;Proprietário ;195.23;Estadual/Rodoviário ;230 * XI ;5.0;Grave
66532;Conduzir o veículo com silenciador de motor defeituoso/deficiente/inoperante ;Proprietário ;195.23;Estadual/Rodoviário ;230 * XI ;5.0;Grave
66610;Conduzir o veículo com equipamento ou acessório proibido ;Proprietário ;195.23;Estadual/Rodoviário ;230 * XII ;5.0;Grave
66700;Conduzir o veículo com equipamento do sistema de iluminação e de sinalização alterados ;Proprietário ;195.23;Estadual/Rodoviário ;230 * XIII ;5.0;Grave
75950;Dirigir veículo realizando cobrança de tarifa com veículo em movimento ;Condutor ;130.16;Estadual/Municipal/Rodoviário ;252*II ;4.0;Média
66880;Conduzir veículo com registrador instantâneo inalterável de velocidade/tempo viciado/defeituoso ;Proprietário ;195.23;Estadual/Rodoviário ;230 * XIV ;5.0;Grave
66961;Conduzir com inscrições/adesivos/legendas/símbolos afixados no para-brisa e extensão traseira ;Proprietário ;195.23;Estadual/Rodoviário ;230 * XV ;5.0;Grave
66962;Conduzir com inscrições/adesivos/legendas/símbolos pintados no para-brisa e extensão traseira ;Proprietário ;195.23;Estadual/Rodoviário ;230 * XV ;5.0;Grave
67000;Conduzir veículo com vidro total/parcialmente coberto por película, painéis/pintura ;Proprietário ;195.23;Estadual/Rodoviário ;230 * XVI ;5.0;Grave
67180;Conduzir o veículo com cortinas ou persianas fechadas ;Proprietário ;195.23;Estadual/Rodoviário ;230 * XVII ;5.0;Grave
67261;Conduzir o veículo em mau estado de conservação, comprometendo a segurança ;Proprietário ;195.23;Estadual/Rodoviário ;230 * XVIII ;5.0;Grave
67262;Conduzir o veículo reprovado na avaliação de inspeção de segurança ;Proprietário ;195.23;Estadual/Rodoviário ;230 * XVIII ;5.0;Grave
67263;Conduzir o veículo reprovado na avaliação de emissão de poluentes e ruído ;Proprietário ;195.23;Estadual/Rodoviário ;230 * XVIII ;5.0;Grave
67340;Conduzir o veículo sem acionar o limpador de pára-brisa sob chuva ;Condutor ;195.23;Estadual/Rodoviário ;230 * XIX ;5.0;Grave
67420;Conduzir o veículo sem portar a autorização para condução de escolares ;Proprietário ;1467.35;Estadual/Rodoviário ;230 * XX ;7.0;Gravíssima5X
68150;Transitar com veículo produzindo fumaça, gases ou partículas em desacordo com o Contran ;Proprietário ;195.23;Municipal/Rodoviário ;231 * III ;5.0;Grave
68231;Transitar com veículo e/ou carga com dimensões superiores limite legal sem autorização ;Proprietário ;195.23;Municipal/Rodoviário ;231 * IV ;5.0;Grave
68232;Transitar com veículo e/ou carga com dimensões superiores estabelecidas pela sinalização sem autorização ;Condutor ;195.23;Municipal/Rodoviário ;231 * IV ;5.0;Grave
68401;Transitar em desacordo com autorização expedida para veículo com dimensões excedentes ;Proprietário ;195.23;Municipal/Rodoviário ;231 * VI ;5.0;Grave
68402;Transitar com autorização vencida, expedida para veículo com dimensões excedentes ;Proprietário ;195.23;Municipal/Rodoviário ;231 * VI ;5.0;Grave
68900;Transitar com o veículo excedendo a Capacidade Máxima de Tração (Capacidade Máxima de Tração (CMT)) entre 601 e 1.000 kg ;Proprietário ;195.23;Municipal/Rodoviário ;231 * X ;5.0;Grave
69471;Conduzir pessoas nas partes externas do veículo ;Condutor ;195.23;Municipal/Rodoviário ;235;5.0;Grave
69472;Conduzir animais nas partes externas do veículo ;Condutor ;195.23;Municipal/Rodoviário ;235;5.0;Grave
69473;Conduzir carga nas partes externas do veículo ;Condutor ;195.23;Municipal/Rodoviário ;235;5.0;Grave
70800;Conduzir motocicleta, motoneta e ciclomotor rebocando outro veículo ;Condutor ;195.23;Municipal/Rodoviário ;244 * VI ;5.0;Grave
70991;Conduzir motocicleta/motoneta/ciclomotor sem segurar o guidom com ambas as mãos ;Condutor ;195.23;Municipal/Rodoviário ;244 * VII ;5.0;Grave
71021;Conduzir motocicleta, motoneta e ciclomotor transportando carga incompatível ;Condutor ;195.23;Municipal/Rodoviário ;244 * VIII ;5.0;Grave
71023;Conduzir motocicleta/motoneta/ciclomotor transportando carga em desacordo com § 2º do Art 139-A CTB ;Condutor ;195.23;Municipal/Rodoviário ;244 * VIII ;5.0;Grave
72180;Transportar em veículo destinado ao transporte de passageiros carga excedente em desacordo com o art. 109 ;Condutor ;195.23;Estadual/Rodoviário ;248;5.0;Grave
74630;Transitar em velocidade superior à máxima permitida em mais de 20% até 50% ;Condutor ;195.23;Municipal/Rodoviário ;218 * II ;5.0;Grave
75521;Conduzir motocicleta/motoneta/ciclomotor efetuando transporte remunerado mercadoria desacordo com art 139-A CTB ;Condutor ;195.23;Estadual/Municipal/Rodoviário ;244 * IX ;5.0;Grave
75522;Conduzir motocicleta/motoneta/ciclomotor efetuando transporte remunerado em desacordo normas atividade profissional mototaxistas ;Condutor ;195.23;Estadual/Municipal/Rodoviário ;244 * IX ;5.0;Grave
75600;Conduzir veículo de transporte de passageiro ou carga em desacordo com as condições do art 67-A CTB ;Condutor ;130.16;Municipal/Rodoviário ;230, XXIII ;4.0;Média
69630;Transitar com veículo em desacordo com as especificações/falta de inscrição/simbologia necessárias à sua identificação ;Proprietário ;195.23;Estadual/Rodoviário ;237;5.0;Grave
69980;Deixar responsável de promover baixa registro de veículo irrecuperável/desmontado ;Proprietário ;195.23;Estadual ;240;5.0;Grave
70210;Deixar seguradora de comunicar ocorrência perda total veículo e devolver placas/documentos ;P. jurídica ;195.23;Estadual ;243;5.0;Grave
71450;Utilizar a via para depósito de mercadorias, materiais ou equipamentos ;PF ou PJ ;195.23;Municipal/Rodoviário ;245;5.0;Grave
51262;Permitir posse/condução do veículo a pessoa com CNH/PPD/ACC com suspensão do direito de dirigir ;Proprietário ;880.41;Estadual/Rodoviário ;164 c/c 162 * II ;7.0;Gravíssima3X
51692;Dirigir sob influência de qualquer outra substância que determine dependência ;Condutor ;2934.7;Estadual/Rodoviário ;165;7.0;Gravíssima10X
58198;Transitar com o veículo em passarelas ;Condutor ;880.41;Municipal/Rodoviário ;193;7.0;Gravíssima3X
59592;Ultrapassar pela contramão veículo parado em fila junto a cancela/porteira ;Condutor ;1467.35;Municipal/Rodoviário ;203 * IV ;7.0;Gravíssima5X
71531;Deixar de sinalizar obstáculo à circulação/segurança calçada/pista sem agravamento ;PF ou PJ ;293.47;Municipal/Rodoviário ;246;7.0;Gravíssima
71532;Obstaculizar/Obstáculo a via indevidamente sem agravamento ;PF ou PJ ;293.47;Municipal/Rodoviário ;246;7.0;Gravíssima
71611;Deixar de sinalizar obstáculo circulação/segurança calçada/pista-agravamento 2X ;PF ou PJ ;880.41;Municipal/Rodoviário ;246;7.0;Gravíssima2X
71612;Obstaculizar/Obstáculo a via indevidamente-agravamento 2X ;PF ou PJ ;880.41;Municipal/Rodoviário ;246;7.0;Gravíssima2X
71701;Deixar de sinalizar obstáculo circulação/segurança calçada/pista-agravamento 3X ;PF ou PJ ;880.41;Municipal/Rodoviário ;246;7.0;Gravíssima3X
71702;Obstaculizar/Obstáculo a via indevidamente-agravamento 3X ;PF ou PJ ;880.41;Municipal/Rodoviário ;246;7.0;Gravíssima3X
71881;Deixar de sinalizar obstáculo circulação/segurança calçada/pista-agravamento 4X ;PF ou PJ ;1467.35;Municipal/Rodoviário ;246;7.0;Gravíssima4X
71882;Obstaculizar/Obstáculo a via indevidamente-agravamento 4X ;PF ou PJ ;1467.35;Municipal/Rodoviário ;246;7.0;Gravíssima4X
71961;Deixar de sinalizar obstáculo circulação/segurança calçada/pista-agravamento 5X ;PF ou PJ ;1467.35;Municipal/Rodoviário ;246;7.0;Gravíssima5X
71962;Obstaculizar/Obstáculo a via indevidamente-agravamento 5X ;PF ou PJ ;1467.35;Municipal/Rodoviário ;246;7.0;Gravíssima5X
75441;Falta de escrituração livro registro entrada/saída e de uso placa de experiência ;PF ou PJ ;293.47;Estadual ;330 * § 5º ;7.0;Gravíssima
75443;Fraude escrituração livro registro entrada/saída e de uso placa de experiência ;PF ou PJ ;293.47;Estadual ;330 * § 5º ;7.0;Gravíssima
75444;Recusa da exibição do livro registro entrada/saída e de uso placa de experiência ;PF ou PJ ;293.47;Estadual ;330 * § 5º ;7.0;Gravíssima
75442;Atraso escrituração livro registro entrada/saída e de uso placa de experiência ;PF ou PJ ;293.47;Estadual ;330 * § 5º ;7.0;Gravíssima
75870;Transitar na faixa ou via exclusiva regulamentada para transporte público coletivo de passageiros ;Condutor ;293.47;Municipal/Rodoviário ;184, III  ;7.0;Gravíssima
52742;Utilizar-se de veículo para demonstrar ou exibir manobra perigosa, mediante derrapagem ou frenagem com deslizamento ou arrastamento de pneus ;Condutor ;2934.7;Estadual/Rodoviário ;175;7.0;Gravíssima10X
67690;Conduzir veículo com defeito no sistema de iluminação, sinalização ou lâmpadas queimadas ;Proprietário ;130.16;Estadual/Rodoviário ;230, XXII ;4.0;Média
69201;Deixar de efetuar registro do veículo em 30 dias, quando for transferida a propriedade ;Proprietário ;130.16;Estadual ;233 c/c 123, I ;4.0;Média
69202;Deixar de efetuar registro do veículo em 30 dias, quando mudar o município de domicílio/residência ;Proprietário ;130.16;Estadual ;233 c/c 123, II ;4.0;Média
69203;Deixar de efetuar registro do veículo em 30 dias, quando for alterada qualquer característica do veículo ;Proprietário ;130.16;Estadual ;233 c/c 123, III ;4.0;Média
69204;Deixar de efetuar registro de veículo em 30 dias, quando houver mudança de categoria ;Proprietário ;130.16;Estadual ;233 c/c 123, IV ;4.0;Média
76171;Usar qualquer veículo para, deliberadamente, interromper a circulação na via sem autorização do órgão ;Condutor ;5869.4;Municipal/Rodoviário ;253-A ;7.0;Gravíssima20X
76172;Usar qualquer veículo para, deliberadamente, restringir a circulação na via sem autorização do órgão ;Condutor ;5869.4;Municipal/Rodoviário ;253-A ;7.0;Gravíssima20X
76173;Usar qualquer veículo para, deliberadamente, perturbar a circulação na via sem autorização do orgão ;Condutor ;5869.4;Municipal/Rodoviário ;253-A ;7.0;Gravíssima20X
74801;Aprovar projeto edificação pólo atrativo trânsito sem anuência órgão/entidade trânsito ;Serv. público ;0.0;Municipal/Rodoviário ;93 c/c 95, § 4º  ;;
74802;Aprovar projeto edificação pólo atrativo trânsito sem estacionamento/indicação vias de acesso ;Serv. público ;0.0;Municipal/Rodoviário ;93 c/c 95, § 4º ;;
74980;Não sinalizar devida/imediatamente obstáculo à circulação/segurança veículo/pedestre pista/calçada ;Serv. público ;0.0;Municipal/Rodoviário ;94;;
75010;Utilizar ondulação transversal/sonorizador fora padrão/critério estabelecido pelo Contran ;Serv. público ;0.0;Municipal/Rodoviário ;94, parágrafo único ;;
75101;Iniciar obra perturbe/interrompa circulação/segurança veículo/pedestres sem permissão ;PF ou PJ ;0.0;Municipal/Rodoviário ;95;;
75102;Iniciar evento perturbe/interrompa circulação/segurança veículo/pedestres sem permissão ;PF ou PJ ;0.0;Municipal/Rodoviário ;95;;
75281;Não sinalizar a execução ou manutenção da obra ;PF ou PJ ;0.0;Municipal/Rodoviário ;95, § 1º ;;
75282;Não sinalizar a execução ou manutenção do evento ;PF ou PJ ;0.0;Municipal/Rodoviário ;95, § 1º ;;
75360;Não avisar comunidade com 48h antecedência interdição via indicando caminho alternativo ;Serv. público ;0.0;Municipal/Rodoviário ;95, § 2º ;;
50020;Multa, por não identificação do condutor infrator, imposta à pessoa jurídica ;Proprietário ;0.0;Estadual/Municipal/Rodoviário ;257, § 8º ;;
72421;Em movimento de dia, deixar de manter acesa luz baixa em túneis ;Condutor ;130.16;Municipal/Rodoviário ;250, I, b ;4.0;Média
72422;Em movimento de dia, deixar de manter acesa luz baixa sob chuva, neblina ou cerração ;Condutor ;130.16;Municipal/Rodoviário ;250, I, b ;4.0;Média
76251;Estacionar nas vagas reservadas às pessoas com deficiência, sem credencial ;Condutor ;293.47;Municipal/Rodoviário ;181, XX ;7.0;Gravíssima
76252;Estacionar o veículo nas vagas reservadas a idosos, sem credencial que comprove tal condição. ;Condutor ;293.47;Municipal/Rodoviário ;181, XX ;7.0;Gravíssima
76331;Dirigir veículo segurando telefone celular ;Condutor ;293.47;Estadual/Municipal/Rodoviário ;252, § único ;7.0;Gravíssima
76332;Dirigir veículo manuseando telefone celular ;Condutor ;293.47;Estadual/Municipal/Rodoviário ;252, § único ;7.0;Gravíssima
77491;Dirigir veículo sem possuir cursos especializados obrigatórios ;Condutor ;293.47;Estadual/Rodoviário ;162, VII ;7.0;Gravíssima
77492;Dirigir veículo sem possuir cursos específicos obrigatórios ;Condutor ;293.47;Estadual/Rodoviário ;162, VII ;7.0;Gravíssima
77571;Em movimento, deixar veículo de transporte público coletivo passageiros de manter a porta fechada ;Condutor ;293.47;Municipal/Rodoviário ;250, IV ;7.0;Gravíssima
77572;Em movimento, deixar o veículo de escolares de manter a porta fechada ;Condutor ;293.47;Municipal/Rodoviário ;250, IV ;7.0;Gravíssima
76410;Conduzir veículo para o qual seja exigida habilitação nas categorias C, D ou E sem realizar o exame toxicológico previsto no § 2º do art. 148-A deste Código, após 30 (trinta) dias do vencimento do prazo estabelecido. ;Condutor ;1467.35;Estadual/Rodoviário ;165-B ;7.0;Gravíssima5X
76500;Exercer atividade remunerada na condução de veículo e não comprovar a realização de exame toxicológico periódico exigido pelo § 2º do art. 148-A do CTB, por ocasião da renovação do documento de habilitação nas categorias C, D ou E. ;Condutor ;1467.35;Estadual ;165-B, § único ;7.0;Gravíssima5X
76700;Parar o veículo sobre ciclovia ou ciclofaixa ;Condutor ;195.23;Municipal/Rodoviário ;182, XI ;5.0;Grave
77301;Evadir-se da cobrança pelo uso de Rodovias e vias urbanas para não efetuar seu pagamento ;Condutor ;195.23;Estadual/Municipal/Rodoviário ;209-A ;5.0;Grave
77302;Deixar de efetuar pagamento, pelo uso de Rodovias e vias urbanas, na forma estabelecida ;Condutor ;195.23;Estadual/Municipal/Rodoviário ;209-A ;5.0;Grave
76841;Conduzir motocicleta, motoneta ou ciclomotor com a utilização de capacete de segurança sem viseira ou óculos de proteção ou com viseira ou óculos de proteção em desacordo com a regulamentação do Contran. ;Condutor ;130.16;Estadual/Municipal/Rodoviário ;244, X ;4.0;Média
76842;Conduzir motocicleta, motoneta ou ciclomotor com a utilização de capacete de segurança sem viseira ou óculos de proteção ou com viseira ou óculos de proteção em desacordo com a regulamentação do Contran. ;Condutor ;130.16;Estadual/Municipal/Rodoviário ;244, X ;4.0;Média
77141;Conduzir motocicleta, motoneta ou ciclomotor transportando passageiro com o capacete de segurança utilizado na forma prevista no inciso X do caput deste artigo. ;Condutor ;130.16;Estadual/Municipal/Rodoviário ;244, XI ;4.0;Média
77142;Conduzir motocicleta, motoneta ou ciclomotor transportando passageiro com o capacete de segurança utilizado na forma prevista no inciso X do caput deste artigo. ;Condutor ;130.16;Estadual/Municipal/Rodoviário ;244, XI ;4.0;Média
77220;Quando o veículo estiver em movimento deixar de manter acesa a luz baixa durante a noite. ;Condutor ;130.16;Rodoviário ;250, I, e ;4.0;Média
60685;Circular, o veículo de transporte de carga, com eixos indevidamente suspensos. ;Condutor ;195.23;Estadual/Municipal/Rodoviário ;209 c/c 17, § 5º da Lei 13.103/2015 ;5.0;Grave
77731;Entregar veículo a pessoa sem possuir cursos especializados obrigatórios ;Proprietário ;293.47;Estadual/Rodoviário ;163 c/c 162, VII ;7.0;Gravíssima
77732;Entregar veículo a pessoa sem possuir cursos específicos obrigatórios. ;Proprietário ;293.47;Estadual/Rodoviário ;163 c/c 162, VII ;7.0;Gravíssima
77811;Permitir posse e condução do veículo por pessoa sem possuir cursos especializados obrigatórios ;Proprietário ;293.47;Estadual/Rodoviário ;164 c/c 162, VII ;7.0;Gravíssima
77812;Permitir posse e condução do veículo por pessoa sem possuir cursos específicos obrigatórios ;Proprietário ;293.47;Estadual/Rodoviário ;164 c/c 162, VII  ;7.0;Gravíssima
77650;Fugir o condutor à ação policial;Condutor ;293.47;Estadual/Municipal/Rodoviário ;278, § único c/c 210 ;7.0;Gravíssima
